fname,label,class1
background/background pi1 2021-02-19/recording 2021-02-19 16-52-37.494092.wav,recording 2021-02-19 16-52-37.494092.wav,noise
background/background pi1 2021-02-19/recording 2021-02-19 16-55-02.610462.wav,recording 2021-02-19 16-55-02.610462.wav,noise
background/background pi1 2021-02-19/recording 2021-02-19 16-57-25.965211.wav,recording 2021-02-19 16-57-25.965211.wav,noise
background/background pi1 2021-02-19/recording 2021-02-19 16-59-49.296178.wav,recording 2021-02-19 16-59-49.296178.wav,noise
background/background pi1 2021-02-19/recording 2021-02-19 17-02-12.670424.wav,recording 2021-02-19 17-02-12.670424.wav,noise
background/background pi1 2021-02-19/recording 2021-02-19 17-04-36.031724.wav,recording 2021-02-19 17-04-36.031724.wav,noise
background/background pi1 2021-02-19/recording 2021-02-19 17-06-59.389341.wav,recording 2021-02-19 17-06-59.389341.wav,noise
background/background pi1 2021-02-19/recording 2021-02-19 17-09-22.743443.wav,recording 2021-02-19 17-09-22.743443.wav,noise
background/background pi1 2021-02-19/recording 2021-02-19 17-09-40.120151.wav,recording 2021-02-19 17-09-40.120151.wav,noise
background/background pi1 2021-02-19/recording 2021-02-19 17-09-52.263600.wav,recording 2021-02-19 17-09-52.263600.wav,noise
background/background pi1 2021-02-19/recording 2021-02-19 17-10-06.497925.wav,recording 2021-02-19 17-10-06.497925.wav,noise
background/background pi1 2021-02-19/recording 2021-02-19 17-10-20.046019.wav,recording 2021-02-19 17-10-20.046019.wav,noise
background/background pi1 2021-02-19/recording 2021-02-19 17-10-34.266197.wav,recording 2021-02-19 17-10-34.266197.wav,noise
background/background pi1 2021-02-19/recording 2021-02-19 17-10-46.974381.wav,recording 2021-02-19 17-10-46.974381.wav,noise
background/background pi1 2021-02-19/recording 2021-02-19 17-11-01.222522.wav,recording 2021-02-19 17-11-01.222522.wav,noise
background/background pi1 2021-02-19/recording 2021-02-19 17-11-15.547740.wav,recording 2021-02-19 17-11-15.547740.wav,noise
background/background pi1 2021-02-19/recording 2021-02-19 17-11-29.825398.wav,recording 2021-02-19 17-11-29.825398.wav,noise
background/background pi1 2021-02-19/recording 2021-02-19 17-11-44.094115.wav,recording 2021-02-19 17-11-44.094115.wav,noise
background/background pi1 2021-02-19/recording 2021-02-19 17-11-58.340179.wav,recording 2021-02-19 17-11-58.340179.wav,noise
background/background pi1 2021-02-19/recording 2021-02-19 17-12-12.586973.wav,recording 2021-02-19 17-12-12.586973.wav,noise
background/background pi1 2021-02-19/recording 2021-02-19 17-12-24.232268.wav,recording 2021-02-19 17-12-24.232268.wav,noise
background/background pi1 2021-02-19/recording 2021-02-19 17-12-38.517348.wav,recording 2021-02-19 17-12-38.517348.wav,noise
background/background pi1 2021-02-19/recording 2021-02-19 17-12-52.808550.wav,recording 2021-02-19 17-12-52.808550.wav,noise
background/background pi1 2021-02-19/recording 2021-02-19 17-13-07.053378.wav,recording 2021-02-19 17-13-07.053378.wav,noise
background/background pi1 2021-02-19/recording 2021-02-19 17-13-20.380930.wav,recording 2021-02-19 17-13-20.380930.wav,noise
background/background pi1 2021-02-19/recording 2021-02-19 17-13-34.661460.wav,recording 2021-02-19 17-13-34.661460.wav,noise
background/background pi1 2021-02-19/recording 2021-02-19 17-13-47.861224.wav,recording 2021-02-19 17-13-47.861224.wav,noise
background/background pi1 2021-02-19/recording 2021-02-19 17-13-58.952890.wav,recording 2021-02-19 17-13-58.952890.wav,noise
background/background pi1 2021-02-19/recording 2021-02-19 17-14-12.010098.wav,recording 2021-02-19 17-14-12.010098.wav,noise
background/background pi1 2021-02-19/recording 2021-02-19 17-14-23.973370.wav,recording 2021-02-19 17-14-23.973370.wav,noise
background/background pi1 2021-02-19/recording 2021-02-19 17-14-38.173609.wav,recording 2021-02-19 17-14-38.173609.wav,noise
background/background pi1 2021-02-19/recording 2021-02-19 17-14-52.176139.wav,recording 2021-02-19 17-14-52.176139.wav,noise
background/background pi1 2021-02-19/recording 2021-02-19 17-15-06.435199.wav,recording 2021-02-19 17-15-06.435199.wav,noise
background/background pi1 2021-02-19/recording 2021-02-19 17-15-18.976198.wav,recording 2021-02-19 17-15-18.976198.wav,noise
background/background pi1 2021-02-19/recording 2021-02-19 17-15-32.494199.wav,recording 2021-02-19 17-15-32.494199.wav,noise
background/background pi1 2021-02-19/recording 2021-02-19 17-15-45.780509.wav,recording 2021-02-19 17-15-45.780509.wav,noise
background/background pi1 2021-02-19/recording 2021-02-19 17-15-57.692352.wav,recording 2021-02-19 17-15-57.692352.wav,noise
background/background pi1 2021-02-19/recording 2021-02-19 17-16-11.948729.wav,recording 2021-02-19 17-16-11.948729.wav,noise
background/background pi1 2021-02-19/recording 2021-02-19 17-16-25.137906.wav,recording 2021-02-19 17-16-25.137906.wav,noise
background/background pi1 2021-02-19/recording 2021-02-19 17-16-39.367126.wav,recording 2021-02-19 17-16-39.367126.wav,noise
background/background pi1 2021-02-19/recording 2021-02-19 17-16-53.613934.wav,recording 2021-02-19 17-16-53.613934.wav,noise
background/background pi1 2021-02-19/recording 2021-02-19 17-17-07.867116.wav,recording 2021-02-19 17-17-07.867116.wav,noise
background/background pi1 2021-02-19/recording 2021-02-19 17-17-19.049700.wav,recording 2021-02-19 17-17-19.049700.wav,noise
background/background pi1 2021-02-19/recording 2021-02-19 17-17-33.302521.wav,recording 2021-02-19 17-17-33.302521.wav,noise
background/background pi1 2021-02-19/recording 2021-02-19 17-17-47.532557.wav,recording 2021-02-19 17-17-47.532557.wav,noise
background/background pi1 2021-02-19/recording 2021-02-19 17-18-00.263627.wav,recording 2021-02-19 17-18-00.263627.wav,noise
background/background pi1 2021-02-19/recording 2021-02-19 17-18-14.499617.wav,recording 2021-02-19 17-18-14.499617.wav,noise
background/background pi1 2021-02-19/recording 2021-02-19 17-18-28.769375.wav,recording 2021-02-19 17-18-28.769375.wav,noise
background/background pi1 2021-02-19/recording 2021-02-19 17-18-40.160768.wav,recording 2021-02-19 17-18-40.160768.wav,noise
background/background pi1 2021-02-19/recording 2021-02-19 17-18-54.017079.wav,recording 2021-02-19 17-18-54.017079.wav,noise
background/background pi1 2021-02-19/recording 2021-02-19 17-19-08.283089.wav,recording 2021-02-19 17-19-08.283089.wav,noise
background/background pi1 2021-02-19/recording 2021-02-19 17-19-22.498461.wav,recording 2021-02-19 17-19-22.498461.wav,noise
background/background pi1 2021-02-19/recording 2021-02-19 17-19-35.530715.wav,recording 2021-02-19 17-19-35.530715.wav,noise
background/background pi1 2021-02-19/recording 2021-02-19 17-19-46.943539.wav,recording 2021-02-19 17-19-46.943539.wav,noise
background/background pi1 2021-02-19/recording 2021-02-19 17-20-01.209714.wav,recording 2021-02-19 17-20-01.209714.wav,noise
background/background pi1 2021-02-19/recording 2021-02-19 17-20-12.809902.wav,recording 2021-02-19 17-20-12.809902.wav,noise
background/background pi1 2021-02-19/recording 2021-02-19 17-20-27.050496.wav,recording 2021-02-19 17-20-27.050496.wav,noise
background/background pi1 2021-02-19/recording 2021-02-19 17-20-41.295951.wav,recording 2021-02-19 17-20-41.295951.wav,noise
background/background pi1 2021-02-19/recording 2021-02-19 17-20-55.553343.wav,recording 2021-02-19 17-20-55.553343.wav,noise
background/background pi1 2021-02-19/recording 2021-02-19 17-21-08.730174.wav,recording 2021-02-19 17-21-08.730174.wav,noise
background/background pi1 2021-02-19/recording 2021-02-19 17-21-22.973381.wav,recording 2021-02-19 17-21-22.973381.wav,noise
background/background pi1 2021-02-19/recording 2021-02-19 17-21-37.205862.wav,recording 2021-02-19 17-21-37.205862.wav,noise
background/background pi1 2021-02-19/recording 2021-02-19 17-21-51.453449.wav,recording 2021-02-19 17-21-51.453449.wav,noise
background/background pi1 2021-02-19/recording 2021-02-19 17-22-03.479839.wav,recording 2021-02-19 17-22-03.479839.wav,noise
background/background pi1 2021-02-19/recording 2021-02-19 17-22-17.787679.wav,recording 2021-02-19 17-22-17.787679.wav,noise
background/background pi1 2021-02-19/recording 2021-02-19 17-22-32.108979.wav,recording 2021-02-19 17-22-32.108979.wav,noise
background/background pi1 2021-02-19/recording 2021-02-19 17-22-45.076219.wav,recording 2021-02-19 17-22-45.076219.wav,noise
background/background pi1 2021-02-19/recording 2021-02-19 17-22-57.210490.wav,recording 2021-02-19 17-22-57.210490.wav,noise
background/background pi1 2021-02-19/recording 2021-02-19 17-23-11.457034.wav,recording 2021-02-19 17-23-11.457034.wav,noise
background/background pi1 2021-02-19/recording 2021-02-19 17-23-25.701733.wav,recording 2021-02-19 17-23-25.701733.wav,noise
background/background pi1 2021-02-19/recording 2021-02-19 17-23-39.935376.wav,recording 2021-02-19 17-23-39.935376.wav,noise
background/background pi1 2021-02-19/recording 2021-02-19 17-23-51.529477.wav,recording 2021-02-19 17-23-51.529477.wav,noise
background/background pi1 2021-02-19/recording 2021-02-19 17-24-04.670882.wav,recording 2021-02-19 17-24-04.670882.wav,noise
background/background pi1 2021-02-19/recording 2021-02-19 17-24-18.906822.wav,recording 2021-02-19 17-24-18.906822.wav,noise
background/background pi1 2021-02-19/recording 2021-02-19 17-24-32.930397.wav,recording 2021-02-19 17-24-32.930397.wav,noise
background/background pi1 2021-02-19/recording 2021-02-19 17-24-47.204875.wav,recording 2021-02-19 17-24-47.204875.wav,noise
background/background pi1 2021-02-19/recording 2021-02-19 17-25-01.449755.wav,recording 2021-02-19 17-25-01.449755.wav,noise
background/background pi1 2021-02-19/recording 2021-02-19 17-25-15.695873.wav,recording 2021-02-19 17-25-15.695873.wav,noise
background/background pi1 2021-02-19/recording 2021-02-19 17-25-29.929957.wav,recording 2021-02-19 17-25-29.929957.wav,noise
background/background pi1 2021-02-19/recording 2021-02-19 17-25-44.201210.wav,recording 2021-02-19 17-25-44.201210.wav,noise
background/background pi1 2021-02-19/recording 2021-02-19 17-25-58.492880.wav,recording 2021-02-19 17-25-58.492880.wav,noise
background/background pi1 2021-02-19/recording 2021-02-19 17-26-12.741781.wav,recording 2021-02-19 17-26-12.741781.wav,noise
background/background pi1 2021-02-19/recording 2021-02-19 17-26-24.157508.wav,recording 2021-02-19 17-26-24.157508.wav,noise
background/background pi1 2021-02-19/recording 2021-02-19 17-26-38.411681.wav,recording 2021-02-19 17-26-38.411681.wav,noise
background/background pi1 2021-02-19/recording 2021-02-19 17-26-52.671801.wav,recording 2021-02-19 17-26-52.671801.wav,noise
background/background pi1 2021-02-19/recording 2021-02-19 17-27-06.911548.wav,recording 2021-02-19 17-27-06.911548.wav,noise
background/background pi1 2021-02-19/recording 2021-02-19 17-27-19.694819.wav,recording 2021-02-19 17-27-19.694819.wav,noise
background/background pi1 2021-02-19/recording 2021-02-19 17-27-33.972308.wav,recording 2021-02-19 17-27-33.972308.wav,noise
background/background pi1 2021-02-19/recording 2021-02-19 17-27-48.259727.wav,recording 2021-02-19 17-27-48.259727.wav,noise
background/background pi1 2021-02-19/recording 2021-02-19 17-28-02.570335.wav,recording 2021-02-19 17-28-02.570335.wav,noise
background/background pi1 2021-02-19/recording 2021-02-19 17-28-16.814118.wav,recording 2021-02-19 17-28-16.814118.wav,noise
background/background pi1 2021-02-19/recording 2021-02-19 17-28-31.046100.wav,recording 2021-02-19 17-28-31.046100.wav,noise
background/background pi1 2021-02-19/recording 2021-02-19 17-28-45.323812.wav,recording 2021-02-19 17-28-45.323812.wav,noise
background/background pi1 2021-02-19/recording 2021-02-19 17-28-59.538304.wav,recording 2021-02-19 17-28-59.538304.wav,noise
background/background pi1 2021-02-19/recording 2021-02-19 17-31-23.700912.wav,recording 2021-02-19 17-31-23.700912.wav,noise
background/background pi1 2021-02-19/recording 2021-02-19 17-33-47.081092.wav,recording 2021-02-19 17-33-47.081092.wav,noise
background/background pi1 2021-02-19/recording 2021-02-19 17-36-10.433229.wav,recording 2021-02-19 17-36-10.433229.wav,noise
background/background pi1 2021-02-19/recording 2021-02-19 17-38-33.764306.wav,recording 2021-02-19 17-38-33.764306.wav,noise
background/background pi1 2021-02-19/recording 2021-02-19 17-40-57.159258.wav,recording 2021-02-19 17-40-57.159258.wav,noise
background/background pi1 2021-02-19/recording 2021-02-19 17-43-20.492055.wav,recording 2021-02-19 17-43-20.492055.wav,noise
background/background pi2 2021-02-19/recording 2021-02-19 16-54-59.555992.wav,recording 2021-02-19 16-54-59.555992.wav,noise
background/background pi2 2021-02-19/recording 2021-02-19 16-55-10.665597.wav,recording 2021-02-19 16-55-10.665597.wav,noise
background/background pi2 2021-02-19/recording 2021-02-19 16-55-21.771815.wav,recording 2021-02-19 16-55-21.771815.wav,noise
background/background pi2 2021-02-19/recording 2021-02-19 16-55-32.879039.wav,recording 2021-02-19 16-55-32.879039.wav,noise
background/background pi2 2021-02-19/recording 2021-02-19 16-55-44.003225.wav,recording 2021-02-19 16-55-44.003225.wav,noise
background/background pi2 2021-02-19/recording 2021-02-19 16-55-55.157897.wav,recording 2021-02-19 16-55-55.157897.wav,noise
background/background pi2 2021-02-19/recording 2021-02-19 16-56-06.314012.wav,recording 2021-02-19 16-56-06.314012.wav,noise
background/background pi2 2021-02-19/recording 2021-02-19 16-56-17.404184.wav,recording 2021-02-19 16-56-17.404184.wav,noise
background/background pi2 2021-02-19/recording 2021-02-19 16-56-28.497551.wav,recording 2021-02-19 16-56-28.497551.wav,noise
background/background pi2 2021-02-19/recording 2021-02-19 16-56-39.610651.wav,recording 2021-02-19 16-56-39.610651.wav,noise
background/background pi2 2021-02-19/recording 2021-02-19 16-56-50.720622.wav,recording 2021-02-19 16-56-50.720622.wav,noise
background/background pi2 2021-02-19/recording 2021-02-19 16-57-01.871949.wav,recording 2021-02-19 16-57-01.871949.wav,noise
background/background pi2 2021-02-19/recording 2021-02-19 16-57-12.982684.wav,recording 2021-02-19 16-57-12.982684.wav,noise
background/background pi2 2021-02-19/recording 2021-02-19 16-57-24.126445.wav,recording 2021-02-19 16-57-24.126445.wav,noise
background/background pi2 2021-02-19/recording 2021-02-19 16-57-35.245263.wav,recording 2021-02-19 16-57-35.245263.wav,noise
background/background pi2 2021-02-19/recording 2021-02-19 16-57-46.416800.wav,recording 2021-02-19 16-57-46.416800.wav,noise
background/background pi2 2021-02-19/recording 2021-02-19 16-57-57.555618.wav,recording 2021-02-19 16-57-57.555618.wav,noise
background/background pi2 2021-02-19/recording 2021-02-19 16-58-08.646451.wav,recording 2021-02-19 16-58-08.646451.wav,noise
background/background pi2 2021-02-19/recording 2021-02-19 16-58-19.737255.wav,recording 2021-02-19 16-58-19.737255.wav,noise
background/background pi2 2021-02-19/recording 2021-02-19 16-58-30.890817.wav,recording 2021-02-19 16-58-30.890817.wav,noise
background/background pi2 2021-02-19/recording 2021-02-19 16-58-41.989795.wav,recording 2021-02-19 16-58-41.989795.wav,noise
background/background pi2 2021-02-19/recording 2021-02-19 16-58-53.125836.wav,recording 2021-02-19 16-58-53.125836.wav,noise
background/background pi2 2021-02-19/recording 2021-02-19 16-59-04.262689.wav,recording 2021-02-19 16-59-04.262689.wav,noise
background/background pi2 2021-02-19/recording 2021-02-19 16-59-15.369236.wav,recording 2021-02-19 16-59-15.369236.wav,noise
background/background pi2 2021-02-19/recording 2021-02-19 16-59-26.526215.wav,recording 2021-02-19 16-59-26.526215.wav,noise
background/background pi2 2021-02-19/recording 2021-02-19 16-59-37.605620.wav,recording 2021-02-19 16-59-37.605620.wav,noise
background/background pi2 2021-02-19/recording 2021-02-19 16-59-48.741589.wav,recording 2021-02-19 16-59-48.741589.wav,noise
background/background pi2 2021-02-19/recording 2021-02-19 16-59-59.883904.wav,recording 2021-02-19 16-59-59.883904.wav,noise
background/background pi2 2021-02-19/recording 2021-02-19 17-00-10.976481.wav,recording 2021-02-19 17-00-10.976481.wav,noise
background/background pi2 2021-02-19/recording 2021-02-19 17-00-22.127484.wav,recording 2021-02-19 17-00-22.127484.wav,noise
background/background pi2 2021-02-19/recording 2021-02-19 17-00-33.252409.wav,recording 2021-02-19 17-00-33.252409.wav,noise
background/background pi2 2021-02-19/recording 2021-02-19 17-00-44.394371.wav,recording 2021-02-19 17-00-44.394371.wav,noise
background/background pi2 2021-02-19/recording 2021-02-19 17-00-55.521896.wav,recording 2021-02-19 17-00-55.521896.wav,noise
background/background pi2 2021-02-19/recording 2021-02-19 17-01-06.610417.wav,recording 2021-02-19 17-01-06.610417.wav,noise
background/background pi2 2021-02-19/recording 2021-02-19 17-01-17.770840.wav,recording 2021-02-19 17-01-17.770840.wav,noise
background/background pi2 2021-02-19/recording 2021-02-19 17-01-28.873950.wav,recording 2021-02-19 17-01-28.873950.wav,noise
background/background pi2 2021-02-19/recording 2021-02-19 17-01-39.988465.wav,recording 2021-02-19 17-01-39.988465.wav,noise
background/background pi2 2021-02-19/recording 2021-02-19 17-01-51.135189.wav,recording 2021-02-19 17-01-51.135189.wav,noise
background/background pi2 2021-02-19/recording 2021-02-19 17-02-02.278325.wav,recording 2021-02-19 17-02-02.278325.wav,noise
background/background pi2 2021-02-19/recording 2021-02-19 17-02-13.367444.wav,recording 2021-02-19 17-02-13.367444.wav,noise
background/background pi2 2021-02-19/recording 2021-02-19 17-02-24.525278.wav,recording 2021-02-19 17-02-24.525278.wav,noise
background/background pi2 2021-02-19/recording 2021-02-19 17-02-35.617242.wav,recording 2021-02-19 17-02-35.617242.wav,noise
background/background pi2 2021-02-19/recording 2021-02-19 17-02-46.724095.wav,recording 2021-02-19 17-02-46.724095.wav,noise
background/background pi2 2021-02-19/recording 2021-02-19 17-02-57.864791.wav,recording 2021-02-19 17-02-57.864791.wav,noise
background/background pi2 2021-02-19/recording 2021-02-19 17-03-08.955899.wav,recording 2021-02-19 17-03-08.955899.wav,noise
background/background pi2 2021-02-19/recording 2021-02-19 17-03-20.083670.wav,recording 2021-02-19 17-03-20.083670.wav,noise
background/background pi2 2021-02-19/recording 2021-02-19 17-03-31.173028.wav,recording 2021-02-19 17-03-31.173028.wav,noise
background/background pi2 2021-02-19/recording 2021-02-19 17-03-42.281120.wav,recording 2021-02-19 17-03-42.281120.wav,noise
background/background pi2 2021-02-19/recording 2021-02-19 17-03-53.404132.wav,recording 2021-02-19 17-03-53.404132.wav,noise
background/background pi2 2021-02-19/recording 2021-02-19 17-04-04.543714.wav,recording 2021-02-19 17-04-04.543714.wav,noise
background/background pi2 2021-02-19/recording 2021-02-19 17-04-15.677154.wav,recording 2021-02-19 17-04-15.677154.wav,noise
background/background pi2 2021-02-19/recording 2021-02-19 17-04-26.792451.wav,recording 2021-02-19 17-04-26.792451.wav,noise
background/background pi2 2021-02-19/recording 2021-02-19 17-04-37.945763.wav,recording 2021-02-19 17-04-37.945763.wav,noise
background/background pi2 2021-02-19/recording 2021-02-19 17-04-49.086514.wav,recording 2021-02-19 17-04-49.086514.wav,noise
background/background pi2 2021-02-19/recording 2021-02-19 17-05-00.198916.wav,recording 2021-02-19 17-05-00.198916.wav,noise
background/background pi2 2021-02-19/recording 2021-02-19 17-05-11.332289.wav,recording 2021-02-19 17-05-11.332289.wav,noise
background/background pi2 2021-02-19/recording 2021-02-19 17-05-22.494464.wav,recording 2021-02-19 17-05-22.494464.wav,noise
background/background pi2 2021-02-19/recording 2021-02-19 17-05-33.597447.wav,recording 2021-02-19 17-05-33.597447.wav,noise
background/background pi2 2021-02-19/recording 2021-02-19 17-05-44.750303.wav,recording 2021-02-19 17-05-44.750303.wav,noise
background/background pi2 2021-02-19/recording 2021-02-19 17-05-55.832751.wav,recording 2021-02-19 17-05-55.832751.wav,noise
background/background pi2 2021-02-19/recording 2021-02-19 17-06-06.926314.wav,recording 2021-02-19 17-06-06.926314.wav,noise
background/background pi2 2021-02-19/recording 2021-02-19 17-06-18.061450.wav,recording 2021-02-19 17-06-18.061450.wav,noise
background/background pi2 2021-02-19/recording 2021-02-19 17-06-29.139872.wav,recording 2021-02-19 17-06-29.139872.wav,noise
background/background pi2 2021-02-19/recording 2021-02-19 17-06-40.266580.wav,recording 2021-02-19 17-06-40.266580.wav,noise
background/background pi2 2021-02-19/recording 2021-02-19 17-06-51.354472.wav,recording 2021-02-19 17-06-51.354472.wav,noise
background/background pi2 2021-02-19/recording 2021-02-19 17-07-02.452090.wav,recording 2021-02-19 17-07-02.452090.wav,noise
background/background pi2 2021-02-19/recording 2021-02-19 17-07-13.616501.wav,recording 2021-02-19 17-07-13.616501.wav,noise
background/background pi2 2021-02-19/recording 2021-02-19 17-07-24.704392.wav,recording 2021-02-19 17-07-24.704392.wav,noise
background/background pi2 2021-02-19/recording 2021-02-19 17-07-35.852060.wav,recording 2021-02-19 17-07-35.852060.wav,noise
background/background pi2 2021-02-19/recording 2021-02-19 17-07-46.976599.wav,recording 2021-02-19 17-07-46.976599.wav,noise
background/background pi2 2021-02-19/recording 2021-02-19 17-07-58.084150.wav,recording 2021-02-19 17-07-58.084150.wav,noise
background/background pi2 2021-02-19/recording 2021-02-19 17-08-09.228965.wav,recording 2021-02-19 17-08-09.228965.wav,noise
background/background pi2 2021-02-19/recording 2021-02-19 17-08-20.317602.wav,recording 2021-02-19 17-08-20.317602.wav,noise
background/background pi2 2021-02-19/recording 2021-02-19 17-08-31.408922.wav,recording 2021-02-19 17-08-31.408922.wav,noise
background/background pi2 2021-02-19/recording 2021-02-19 17-08-42.532812.wav,recording 2021-02-19 17-08-42.532812.wav,noise
background/background pi2 2021-02-19/recording 2021-02-19 17-08-53.625350.wav,recording 2021-02-19 17-08-53.625350.wav,noise
background/background pi2 2021-02-19/recording 2021-02-19 17-09-04.743272.wav,recording 2021-02-19 17-09-04.743272.wav,noise
background/background pi2 2021-02-19/recording 2021-02-19 17-09-15.876070.wav,recording 2021-02-19 17-09-15.876070.wav,noise
background/background pi2 2021-02-19/recording 2021-02-19 17-09-27.011757.wav,recording 2021-02-19 17-09-27.011757.wav,noise
background/background pi2 2021-02-19/recording 2021-02-19 17-09-38.165055.wav,recording 2021-02-19 17-09-38.165055.wav,noise
background/background pi2 2021-02-19/recording 2021-02-19 17-09-49.274348.wav,recording 2021-02-19 17-09-49.274348.wav,noise
background/background pi2 2021-02-19/recording 2021-02-19 17-10-00.396818.wav,recording 2021-02-19 17-10-00.396818.wav,noise
background/background pi2 2021-02-19/recording 2021-02-19 17-10-11.526591.wav,recording 2021-02-19 17-10-11.526591.wav,noise
background/background pi2 2021-02-19/recording 2021-02-19 17-10-22.771022.wav,recording 2021-02-19 17-10-22.771022.wav,noise
background/background pi2 2021-02-19/recording 2021-02-19 17-10-33.864704.wav,recording 2021-02-19 17-10-33.864704.wav,noise
background/background pi2 2021-02-19/recording 2021-02-19 17-10-45.030223.wav,recording 2021-02-19 17-10-45.030223.wav,noise
background/background pi2 2021-02-19/recording 2021-02-19 17-10-56.157981.wav,recording 2021-02-19 17-10-56.157981.wav,noise
background/background pi2 2021-02-19/recording 2021-02-19 17-11-07.296526.wav,recording 2021-02-19 17-11-07.296526.wav,noise
background/background pi2 2021-02-19/recording 2021-02-19 17-11-18.394513.wav,recording 2021-02-19 17-11-18.394513.wav,noise
background/background pi2 2021-02-19/recording 2021-02-19 17-11-29.484382.wav,recording 2021-02-19 17-11-29.484382.wav,noise
background/background pi2 2021-02-19/recording 2021-02-19 17-11-40.608376.wav,recording 2021-02-19 17-11-40.608376.wav,noise
background/background pi2 2021-02-19/recording 2021-02-19 17-11-51.747156.wav,recording 2021-02-19 17-11-51.747156.wav,noise
background/background pi2 2021-02-19/recording 2021-02-19 17-12-02.855020.wav,recording 2021-02-19 17-12-02.855020.wav,noise
background/background pi2 2021-02-19/recording 2021-02-19 17-12-13.952988.wav,recording 2021-02-19 17-12-13.952988.wav,noise
background/background pi2 2021-02-19/recording 2021-02-19 17-12-25.056783.wav,recording 2021-02-19 17-12-25.056783.wav,noise
background/background pi2 2021-02-19/recording 2021-02-19 17-12-36.197169.wav,recording 2021-02-19 17-12-36.197169.wav,noise
background/background pi2 2021-02-19/recording 2021-02-19 17-12-47.337896.wav,recording 2021-02-19 17-12-47.337896.wav,noise
background/background pi2 2021-02-19/recording 2021-02-19 17-12-58.450904.wav,recording 2021-02-19 17-12-58.450904.wav,noise
background/background pi2 2021-02-19/recording 2021-02-19 17-13-09.568586.wav,recording 2021-02-19 17-13-09.568586.wav,noise
background/background pi2 2021-02-19/recording 2021-02-19 17-13-20.702301.wav,recording 2021-02-19 17-13-20.702301.wav,noise
background/background pi2 2021-02-19/recording 2021-02-19 17-13-31.814829.wav,recording 2021-02-19 17-13-31.814829.wav,noise
background/background pi2 2021-02-19/recording 2021-02-19 17-13-42.916495.wav,recording 2021-02-19 17-13-42.916495.wav,noise
background/background pi2 2021-02-19/recording 2021-02-19 17-13-54.061604.wav,recording 2021-02-19 17-13-54.061604.wav,noise
background/background pi2 2021-02-19/recording 2021-02-19 17-14-05.174107.wav,recording 2021-02-19 17-14-05.174107.wav,noise
background/background pi2 2021-02-19/recording 2021-02-19 17-14-16.324515.wav,recording 2021-02-19 17-14-16.324515.wav,noise
background/background pi2 2021-02-19/recording 2021-02-19 17-14-27.452952.wav,recording 2021-02-19 17-14-27.452952.wav,noise
background/background pi2 2021-02-19/recording 2021-02-19 17-14-38.545562.wav,recording 2021-02-19 17-14-38.545562.wav,noise
background/background pi2 2021-02-19/recording 2021-02-19 17-14-49.669788.wav,recording 2021-02-19 17-14-49.669788.wav,noise
background/background pi2 2021-02-19/recording 2021-02-19 17-15-00.790365.wav,recording 2021-02-19 17-15-00.790365.wav,noise
background/background pi2 2021-02-19/recording 2021-02-19 17-15-11.885707.wav,recording 2021-02-19 17-15-11.885707.wav,noise
background/background pi2 2021-02-19/recording 2021-02-19 17-15-23.004786.wav,recording 2021-02-19 17-15-23.004786.wav,noise
background/background pi2 2021-02-19/recording 2021-02-19 17-15-34.129579.wav,recording 2021-02-19 17-15-34.129579.wav,noise
background/background pi2 2021-02-19/recording 2021-02-19 17-15-45.258217.wav,recording 2021-02-19 17-15-45.258217.wav,noise
background/background pi2 2021-02-19/recording 2021-02-19 17-15-56.352089.wav,recording 2021-02-19 17-15-56.352089.wav,noise
background/background pi2 2021-02-19/recording 2021-02-19 17-16-07.454582.wav,recording 2021-02-19 17-16-07.454582.wav,noise
background/background pi2 2021-02-19/recording 2021-02-19 17-16-18.564074.wav,recording 2021-02-19 17-16-18.564074.wav,noise
background/background pi2 2021-02-19/recording 2021-02-19 17-16-29.692444.wav,recording 2021-02-19 17-16-29.692444.wav,noise
background/background pi2 2021-02-19/recording 2021-02-19 17-16-40.780034.wav,recording 2021-02-19 17-16-40.780034.wav,noise
background/background pi2 2021-02-19/recording 2021-02-19 17-16-51.923037.wav,recording 2021-02-19 17-16-51.923037.wav,noise
background/background pi2 2021-02-19/recording 2021-02-19 17-17-03.025809.wav,recording 2021-02-19 17-17-03.025809.wav,noise
background/background pi2 2021-02-19/recording 2021-02-19 17-17-14.133722.wav,recording 2021-02-19 17-17-14.133722.wav,noise
background/background pi2 2021-02-19/recording 2021-02-19 17-17-25.228680.wav,recording 2021-02-19 17-17-25.228680.wav,noise
background/background pi2 2021-02-19/recording 2021-02-19 17-17-36.321782.wav,recording 2021-02-19 17-17-36.321782.wav,noise
background/background pi2 2021-02-19/recording 2021-02-19 17-17-47.423005.wav,recording 2021-02-19 17-17-47.423005.wav,noise
background/background pi2 2021-02-19/recording 2021-02-19 17-17-58.508283.wav,recording 2021-02-19 17-17-58.508283.wav,noise
background/background pi2 2021-02-19/recording 2021-02-19 17-18-09.649894.wav,recording 2021-02-19 17-18-09.649894.wav,noise
background/background pi2 2021-02-19/recording 2021-02-19 17-18-20.786022.wav,recording 2021-02-19 17-18-20.786022.wav,noise
background/background pi2 2021-02-19/recording 2021-02-19 17-18-31.879138.wav,recording 2021-02-19 17-18-31.879138.wav,noise
background/background pi2 2021-02-19/recording 2021-02-19 17-18-42.978379.wav,recording 2021-02-19 17-18-42.978379.wav,noise
background/background pi2 2021-02-19/recording 2021-02-19 17-18-54.098108.wav,recording 2021-02-19 17-18-54.098108.wav,noise
background/background pi2 2021-02-19/recording 2021-02-19 17-19-05.204029.wav,recording 2021-02-19 17-19-05.204029.wav,noise
background/background pi2 2021-02-19/recording 2021-02-19 17-19-16.313710.wav,recording 2021-02-19 17-19-16.313710.wav,noise
background/background pi2 2021-02-19/recording 2021-02-19 17-19-27.404911.wav,recording 2021-02-19 17-19-27.404911.wav,noise
background/background pi2 2021-02-19/recording 2021-02-19 17-19-38.503055.wav,recording 2021-02-19 17-19-38.503055.wav,noise
background/background pi2 2021-02-19/recording 2021-02-19 17-19-49.644786.wav,recording 2021-02-19 17-19-49.644786.wav,noise
background/background pi2 2021-02-19/recording 2021-02-19 17-20-00.762318.wav,recording 2021-02-19 17-20-00.762318.wav,noise
background/background pi2 2021-02-19/recording 2021-02-19 17-20-11.845314.wav,recording 2021-02-19 17-20-11.845314.wav,noise
background/background pi2 2021-02-19/recording 2021-02-19 17-20-22.970545.wav,recording 2021-02-19 17-20-22.970545.wav,noise
background/background pi2 2021-02-19/recording 2021-02-19 17-20-34.075313.wav,recording 2021-02-19 17-20-34.075313.wav,noise
background/background pi2 2021-02-19/recording 2021-02-19 17-20-45.184967.wav,recording 2021-02-19 17-20-45.184967.wav,noise
background/background pi2 2021-02-19/recording 2021-02-19 17-20-56.273837.wav,recording 2021-02-19 17-20-56.273837.wav,noise
background/background pi2 2021-02-19/recording 2021-02-19 17-21-07.428120.wav,recording 2021-02-19 17-21-07.428120.wav,noise
background/background pi2 2021-02-19/recording 2021-02-19 17-21-18.555403.wav,recording 2021-02-19 17-21-18.555403.wav,noise
background/background pi2 2021-02-19/recording 2021-02-19 17-21-29.663526.wav,recording 2021-02-19 17-21-29.663526.wav,noise
background/background pi2 2021-02-19/recording 2021-02-19 17-21-40.758393.wav,recording 2021-02-19 17-21-40.758393.wav,noise
background/background pi2 2021-02-19/recording 2021-02-19 17-21-52.083916.wav,recording 2021-02-19 17-21-52.083916.wav,noise
background/background pi2 2021-02-19/recording 2021-02-19 17-22-03.187521.wav,recording 2021-02-19 17-22-03.187521.wav,noise
background/background pi2 2021-02-19/recording 2021-02-19 17-22-14.325286.wav,recording 2021-02-19 17-22-14.325286.wav,noise
background/background pi2 2021-02-19/recording 2021-02-19 17-22-25.439660.wav,recording 2021-02-19 17-22-25.439660.wav,noise
background/background pi2 2021-02-19/recording 2021-02-19 17-22-36.565830.wav,recording 2021-02-19 17-22-36.565830.wav,noise
background/background pi2 2021-02-19/recording 2021-02-19 17-22-47.667351.wav,recording 2021-02-19 17-22-47.667351.wav,noise
background/background pi2 2021-02-19/recording 2021-02-19 17-22-58.805591.wav,recording 2021-02-19 17-22-58.805591.wav,noise
background/background pi2 2021-02-19/recording 2021-02-19 17-23-09.919842.wav,recording 2021-02-19 17-23-09.919842.wav,noise
background/background pi2 2021-02-19/recording 2021-02-19 17-23-21.058919.wav,recording 2021-02-19 17-23-21.058919.wav,noise
background/background pi2 2021-02-19/recording 2021-02-19 17-23-32.162252.wav,recording 2021-02-19 17-23-32.162252.wav,noise
background/background pi2 2021-02-19/recording 2021-02-19 17-23-43.286936.wav,recording 2021-02-19 17-23-43.286936.wav,noise
background/background pi2 2021-02-19/recording 2021-02-19 17-23-54.401957.wav,recording 2021-02-19 17-23-54.401957.wav,noise
background/background pi2 2021-02-19/recording 2021-02-19 17-24-05.487847.wav,recording 2021-02-19 17-24-05.487847.wav,noise
background/background pi2 2021-02-19/recording 2021-02-19 17-24-16.584828.wav,recording 2021-02-19 17-24-16.584828.wav,noise
background/background pi2 2021-02-19/recording 2021-02-19 17-24-27.730570.wav,recording 2021-02-19 17-24-27.730570.wav,noise
background/background pi2 2021-02-19/recording 2021-02-19 17-24-38.814727.wav,recording 2021-02-19 17-24-38.814727.wav,noise
background/background pi2 2021-02-19/recording 2021-02-19 17-24-49.955472.wav,recording 2021-02-19 17-24-49.955472.wav,noise
background/background pi2 2021-02-19/recording 2021-02-19 17-25-01.079146.wav,recording 2021-02-19 17-25-01.079146.wav,noise
background/background pi2 2021-02-19/recording 2021-02-19 17-25-12.175870.wav,recording 2021-02-19 17-25-12.175870.wav,noise
background/background pi2 2021-02-19/recording 2021-02-19 17-25-23.268274.wav,recording 2021-02-19 17-25-23.268274.wav,noise
background/background pi2 2021-02-19/recording 2021-02-19 17-25-34.377710.wav,recording 2021-02-19 17-25-34.377710.wav,noise
background/background pi2 2021-02-19/recording 2021-02-19 17-25-45.500092.wav,recording 2021-02-19 17-25-45.500092.wav,noise
background/background pi2 2021-02-19/recording 2021-02-19 17-25-56.628494.wav,recording 2021-02-19 17-25-56.628494.wav,noise
background/background pi2 2021-02-19/recording 2021-02-19 17-26-07.749858.wav,recording 2021-02-19 17-26-07.749858.wav,noise
background/background pi2 2021-02-19/recording 2021-02-19 17-26-18.860934.wav,recording 2021-02-19 17-26-18.860934.wav,noise
background/background pi2 2021-02-19/recording 2021-02-19 17-26-29.949807.wav,recording 2021-02-19 17-26-29.949807.wav,noise
background/background pi2 2021-02-19/recording 2021-02-19 17-26-41.063929.wav,recording 2021-02-19 17-26-41.063929.wav,noise
background/background pi2 2021-02-19/recording 2021-02-19 17-26-52.167643.wav,recording 2021-02-19 17-26-52.167643.wav,noise
background/background pi2 2021-02-19/recording 2021-02-19 17-27-03.273484.wav,recording 2021-02-19 17-27-03.273484.wav,noise
background/background pi2 2021-02-19/recording 2021-02-19 17-27-14.396251.wav,recording 2021-02-19 17-27-14.396251.wav,noise
background/background pi2 2021-02-19/recording 2021-02-19 17-27-25.496349.wav,recording 2021-02-19 17-27-25.496349.wav,noise
background/background pi2 2021-02-19/recording 2021-02-19 17-27-36.584907.wav,recording 2021-02-19 17-27-36.584907.wav,noise
background/background pi2 2021-02-19/recording 2021-02-19 17-27-47.709676.wav,recording 2021-02-19 17-27-47.709676.wav,noise
background/background pi2 2021-02-19/recording 2021-02-19 17-27-58.820266.wav,recording 2021-02-19 17-27-58.820266.wav,noise
background/background pi2 2021-02-19/recording 2021-02-19 17-28-09.911056.wav,recording 2021-02-19 17-28-09.911056.wav,noise
background/background pi2 2021-02-19/recording 2021-02-19 17-28-21.046216.wav,recording 2021-02-19 17-28-21.046216.wav,noise
background/background pi2 2021-02-19/recording 2021-02-19 17-28-32.125971.wav,recording 2021-02-19 17-28-32.125971.wav,noise
background/background pi2 2021-02-19/recording 2021-02-19 17-28-43.231426.wav,recording 2021-02-19 17-28-43.231426.wav,noise
background/background pi2 2021-02-19/recording 2021-02-19 17-28-54.329721.wav,recording 2021-02-19 17-28-54.329721.wav,noise
background/background pi2 2021-02-19/recording 2021-02-19 17-29-05.402153.wav,recording 2021-02-19 17-29-05.402153.wav,noise
background/background pi2 2021-02-19/recording 2021-02-19 17-29-16.511747.wav,recording 2021-02-19 17-29-16.511747.wav,noise
background/background pi2 2021-02-19/recording 2021-02-19 17-29-27.604506.wav,recording 2021-02-19 17-29-27.604506.wav,noise
background/background pi2 2021-02-19/recording 2021-02-19 17-29-38.703018.wav,recording 2021-02-19 17-29-38.703018.wav,noise
background/background pi2 2021-02-19/recording 2021-02-19 17-29-49.890647.wav,recording 2021-02-19 17-29-49.890647.wav,noise
background/background pi2 2021-02-19/recording 2021-02-19 17-30-01.005448.wav,recording 2021-02-19 17-30-01.005448.wav,noise
background/background pi2 2021-02-19/recording 2021-02-19 17-30-12.114484.wav,recording 2021-02-19 17-30-12.114484.wav,noise
background/background pi2 2021-02-19/recording 2021-02-19 17-30-23.251510.wav,recording 2021-02-19 17-30-23.251510.wav,noise
background/background pi2 2021-02-19/recording 2021-02-19 17-30-34.392682.wav,recording 2021-02-19 17-30-34.392682.wav,noise
background/background pi2 2021-02-19/recording 2021-02-19 17-30-45.504990.wav,recording 2021-02-19 17-30-45.504990.wav,noise
background/background pi2 2021-02-19/recording 2021-02-19 17-30-56.592310.wav,recording 2021-02-19 17-30-56.592310.wav,noise
background/background pi2 2021-02-19/recording 2021-02-19 17-31-07.692756.wav,recording 2021-02-19 17-31-07.692756.wav,noise
background/background pi2 2021-02-19/recording 2021-02-19 17-31-18.779897.wav,recording 2021-02-19 17-31-18.779897.wav,noise
background/background pi2 2021-02-19/recording 2021-02-19 17-31-29.934495.wav,recording 2021-02-19 17-31-29.934495.wav,noise
background/background pi2 2021-02-19/recording 2021-02-19 17-31-41.042452.wav,recording 2021-02-19 17-31-41.042452.wav,noise
background/background pi2 2021-02-19/recording 2021-02-19 17-31-52.153288.wav,recording 2021-02-19 17-31-52.153288.wav,noise
background/background pi2 2021-02-19/recording 2021-02-19 17-32-03.276301.wav,recording 2021-02-19 17-32-03.276301.wav,noise
background/background pi2 2021-02-19/recording 2021-02-19 17-32-14.368247.wav,recording 2021-02-19 17-32-14.368247.wav,noise
background/background pi2 2021-02-19/recording 2021-02-19 17-32-25.466590.wav,recording 2021-02-19 17-32-25.466590.wav,noise
background/background pi2 2021-02-19/recording 2021-02-19 17-32-36.586443.wav,recording 2021-02-19 17-32-36.586443.wav,noise
background/background pi2 2021-02-19/recording 2021-02-19 17-32-47.738719.wav,recording 2021-02-19 17-32-47.738719.wav,noise
background/background pi2 2021-02-19/recording 2021-02-19 17-32-58.863420.wav,recording 2021-02-19 17-32-58.863420.wav,noise
background/background pi2 2021-02-19/recording 2021-02-19 17-33-09.945254.wav,recording 2021-02-19 17-33-09.945254.wav,noise
background/background pi2 2021-02-19/recording 2021-02-19 17-33-21.066702.wav,recording 2021-02-19 17-33-21.066702.wav,noise
background/background pi2 2021-02-19/recording 2021-02-19 17-33-32.174390.wav,recording 2021-02-19 17-33-32.174390.wav,noise
background/background pi2 2021-02-19/recording 2021-02-19 17-33-43.296904.wav,recording 2021-02-19 17-33-43.296904.wav,noise
background/background pi2 2021-02-19/recording 2021-02-19 17-33-54.406853.wav,recording 2021-02-19 17-33-54.406853.wav,noise
background/background pi2 2021-02-19/recording 2021-02-19 17-34-05.498935.wav,recording 2021-02-19 17-34-05.498935.wav,noise
background/background pi2 2021-02-19/recording 2021-02-19 17-34-16.579865.wav,recording 2021-02-19 17-34-16.579865.wav,noise
background/background pi2 2021-02-19/recording 2021-02-19 17-34-27.731508.wav,recording 2021-02-19 17-34-27.731508.wav,noise
background/background pi2 2021-02-19/recording 2021-02-19 17-34-38.824168.wav,recording 2021-02-19 17-34-38.824168.wav,noise
background/background pi2 2021-02-19/recording 2021-02-19 17-34-49.967242.wav,recording 2021-02-19 17-34-49.967242.wav,noise
background/background pi2 2021-02-19/recording 2021-02-19 17-35-01.071732.wav,recording 2021-02-19 17-35-01.071732.wav,noise
background/background pi2 2021-02-19/recording 2021-02-19 17-35-12.184409.wav,recording 2021-02-19 17-35-12.184409.wav,noise
background/background pi2 2021-02-19/recording 2021-02-19 17-35-23.459143.wav,recording 2021-02-19 17-35-23.459143.wav,noise
background/background pi2 2021-02-19/recording 2021-02-19 17-35-34.607298.wav,recording 2021-02-19 17-35-34.607298.wav,noise
background/background pi2 2021-02-19/recording 2021-02-19 17-35-45.738201.wav,recording 2021-02-19 17-35-45.738201.wav,noise
background/background pi2 2021-02-19/recording 2021-02-19 17-35-56.876924.wav,recording 2021-02-19 17-35-56.876924.wav,noise
background/background pi2 2021-02-19/recording 2021-02-19 17-36-08.034178.wav,recording 2021-02-19 17-36-08.034178.wav,noise
background/background pi2 2021-02-19/recording 2021-02-19 17-36-19.150063.wav,recording 2021-02-19 17-36-19.150063.wav,noise
background/background pi2 2021-02-19/recording 2021-02-19 17-36-30.251541.wav,recording 2021-02-19 17-36-30.251541.wav,noise
background/background pi2 2021-02-19/recording 2021-02-19 17-36-41.342892.wav,recording 2021-02-19 17-36-41.342892.wav,noise
background/background pi2 2021-02-19/recording 2021-02-19 17-36-52.450747.wav,recording 2021-02-19 17-36-52.450747.wav,noise
background/background pi2 2021-02-19/recording 2021-02-19 17-37-03.545196.wav,recording 2021-02-19 17-37-03.545196.wav,noise
background/background pi2 2021-02-19/recording 2021-02-19 17-37-14.638398.wav,recording 2021-02-19 17-37-14.638398.wav,noise
background/background pi2 2021-02-19/recording 2021-02-19 17-37-25.729778.wav,recording 2021-02-19 17-37-25.729778.wav,noise
background/background pi2 2021-02-19/recording 2021-02-19 17-37-36.812241.wav,recording 2021-02-19 17-37-36.812241.wav,noise
background/background pi2 2021-02-19/recording 2021-02-19 17-37-47.916019.wav,recording 2021-02-19 17-37-47.916019.wav,noise
background/background pi2 2021-02-19/recording 2021-02-19 17-37-59.027310.wav,recording 2021-02-19 17-37-59.027310.wav,noise
background/background pi2 2021-02-19/recording 2021-02-19 17-38-10.194952.wav,recording 2021-02-19 17-38-10.194952.wav,noise
background/background pi2 2021-02-19/recording 2021-02-19 17-38-21.304178.wav,recording 2021-02-19 17-38-21.304178.wav,noise
background/background pi2 2021-02-19/recording 2021-02-19 17-38-32.414691.wav,recording 2021-02-19 17-38-32.414691.wav,noise
background/background pi2 2021-02-19/recording 2021-02-19 17-38-43.567665.wav,recording 2021-02-19 17-38-43.567665.wav,noise
background/background pi2 2021-02-19/recording 2021-02-19 17-38-54.706700.wav,recording 2021-02-19 17-38-54.706700.wav,noise
background/background pi2 2021-02-19/recording 2021-02-19 17-39-05.815224.wav,recording 2021-02-19 17-39-05.815224.wav,noise
background/background pi2 2021-02-19/recording 2021-02-19 17-39-16.960974.wav,recording 2021-02-19 17-39-16.960974.wav,noise
background/background pi2 2021-02-19/recording 2021-02-19 17-39-28.063668.wav,recording 2021-02-19 17-39-28.063668.wav,noise
background/background pi2 2021-02-19/recording 2021-02-19 17-39-39.207050.wav,recording 2021-02-19 17-39-39.207050.wav,noise
background/background pi2 2021-02-19/recording 2021-02-19 17-39-50.334358.wav,recording 2021-02-19 17-39-50.334358.wav,noise
background/background pi2 2021-02-19/recording 2021-02-19 17-40-01.466035.wav,recording 2021-02-19 17-40-01.466035.wav,noise
background/background pi2 2021-02-19/recording 2021-02-19 17-40-12.593356.wav,recording 2021-02-19 17-40-12.593356.wav,noise
background/background pi2 2021-02-19/recording 2021-02-19 17-40-23.685133.wav,recording 2021-02-19 17-40-23.685133.wav,noise
background/background pi2 2021-02-19/recording 2021-02-19 17-40-34.781312.wav,recording 2021-02-19 17-40-34.781312.wav,noise
background/background pi2 2021-02-19/recording 2021-02-19 17-40-45.950266.wav,recording 2021-02-19 17-40-45.950266.wav,noise
background/background pi2 2021-02-19/recording 2021-02-19 17-40-57.070907.wav,recording 2021-02-19 17-40-57.070907.wav,noise
background/background pi2 2021-02-19/recording 2021-02-19 17-41-08.175764.wav,recording 2021-02-19 17-41-08.175764.wav,noise
background/background pi2 2021-02-19/recording 2021-02-19 17-41-19.253834.wav,recording 2021-02-19 17-41-19.253834.wav,noise
background/background pi2 2021-02-19/recording 2021-02-19 17-41-30.356011.wav,recording 2021-02-19 17-41-30.356011.wav,noise
background/background pi2 2021-02-19/recording 2021-02-19 17-41-41.447653.wav,recording 2021-02-19 17-41-41.447653.wav,noise
background/background pi2 2021-02-19/recording 2021-02-19 17-41-52.597955.wav,recording 2021-02-19 17-41-52.597955.wav,noise
background/background pi2 2021-02-19/recording 2021-02-19 17-42-03.749312.wav,recording 2021-02-19 17-42-03.749312.wav,noise
background/background pi2 2021-02-19/recording 2021-02-19 17-42-14.869047.wav,recording 2021-02-19 17-42-14.869047.wav,noise
background/background pi2 2021-02-19/recording 2021-02-19 17-42-26.011679.wav,recording 2021-02-19 17-42-26.011679.wav,noise
background/background pi2 2021-02-19/recording 2021-02-19 17-42-37.163906.wav,recording 2021-02-19 17-42-37.163906.wav,noise
background/background pi2 2021-02-19/recording 2021-02-19 17-42-48.256909.wav,recording 2021-02-19 17-42-48.256909.wav,noise
background/background pi2 2021-02-19/recording 2021-02-19 17-42-59.385334.wav,recording 2021-02-19 17-42-59.385334.wav,noise
background/background pi2 2021-02-19/recording 2021-02-19 17-43-10.474376.wav,recording 2021-02-19 17-43-10.474376.wav,noise
background/background pi2 2021-02-19/recording 2021-02-19 17-43-21.577322.wav,recording 2021-02-19 17-43-21.577322.wav,noise
background/background pi2 2021-02-19/recording 2021-02-19 17-43-32.681411.wav,recording 2021-02-19 17-43-32.681411.wav,noise
background/background pi2 2021-02-19/recording 2021-02-19 17-43-43.770793.wav,recording 2021-02-19 17-43-43.770793.wav,noise
uav/zyma pi1 2021-02-19/recording 2021-02-19 20-52-12.462621.wav,recording 2021-02-19 20-52-12.462621.wav,uav
uav/zyma pi1 2021-02-19/recording 2021-02-19 20-52-24.229632.wav,recording 2021-02-19 20-52-24.229632.wav,uav
uav/zyma pi1 2021-02-19/recording 2021-02-19 20-52-47.589285.wav,recording 2021-02-19 20-52-47.589285.wav,uav
uav/zyma pi1 2021-02-19/recording 2021-02-19 20-52-59.437483.wav,recording 2021-02-19 20-52-59.437483.wav,uav
uav/zyma pi1 2021-02-19/recording 2021-02-19 20-53-11.201023.wav,recording 2021-02-19 20-53-11.201023.wav,uav
uav/zyma pi1 2021-02-19/recording 2021-02-19 20-53-22.997506.wav,recording 2021-02-19 20-53-22.997506.wav,uav
uav/zyma pi1 2021-02-19/recording 2021-02-19 20-53-34.921527.wav,recording 2021-02-19 20-53-34.921527.wav,uav
uav/zyma pi1 2021-02-19/recording 2021-02-19 20-53-46.595270.wav,recording 2021-02-19 20-53-46.595270.wav,uav
uav/zyma pi1 2021-02-19/recording 2021-02-19 20-54-10.741868.wav,recording 2021-02-19 20-54-10.741868.wav,uav
uav/zyma pi1 2021-02-19/recording 2021-02-19 20-54-22.505072.wav,recording 2021-02-19 20-54-22.505072.wav,uav
uav/zyma pi1 2021-02-19/recording 2021-02-19 20-54-34.383616.wav,recording 2021-02-19 20-54-34.383616.wav,uav
uav/zyma pi1 2021-02-19/recording 2021-02-19 20-54-46.067727.wav,recording 2021-02-19 20-54-46.067727.wav,uav
uav/zyma pi1 2021-02-19/recording 2021-02-19 20-54-57.797146.wav,recording 2021-02-19 20-54-57.797146.wav,uav
uav/zyma pi1 2021-02-19/recording 2021-02-19 20-55-09.480442.wav,recording 2021-02-19 20-55-09.480442.wav,uav
uav/zyma pi1 2021-02-19/recording 2021-02-19 20-55-21.215011.wav,recording 2021-02-19 20-55-21.215011.wav,uav
uav/zyma pi1 2021-02-19/recording 2021-02-19 20-55-32.952689.wav,recording 2021-02-19 20-55-32.952689.wav,uav
uav/zyma pi1 2021-02-19/recording 2021-02-19 20-55-44.811586.wav,recording 2021-02-19 20-55-44.811586.wav,uav
uav/zyma pi1 2021-02-19/recording 2021-02-19 20-55-56.899282.wav,recording 2021-02-19 20-55-56.899282.wav,uav
uav/zyma pi1 2021-02-19/recording 2021-02-19 20-56-20.459380.wav,recording 2021-02-19 20-56-20.459380.wav,uav
uav/zyma pi1 2021-02-19/recording 2021-02-19 20-56-32.109086.wav,recording 2021-02-19 20-56-32.109086.wav,uav
uav/zyma pi1 2021-02-19/recording 2021-02-19 20-56-43.856894.wav,recording 2021-02-19 20-56-43.856894.wav,uav
uav/zyma pi1 2021-02-19/recording 2021-02-19 20-58-19.447831.wav,recording 2021-02-19 20-58-19.447831.wav,uav
uav/zyma pi1 2021-02-19/recording 2021-02-19 20-58-31.106417.wav,recording 2021-02-19 20-58-31.106417.wav,uav
uav/zyma pi1 2021-02-19/recording 2021-02-19 20-58-42.847663.wav,recording 2021-02-19 20-58-42.847663.wav,uav
uav/zyma pi1 2021-02-19/recording 2021-02-19 20-58-54.521789.wav,recording 2021-02-19 20-58-54.521789.wav,uav
uav/zyma pi1 2021-02-19/recording 2021-02-19 20-59-06.233395.wav,recording 2021-02-19 20-59-06.233395.wav,uav
uav/zyma pi1 2021-02-19/recording 2021-02-19 20-59-17.842251.wav,recording 2021-02-19 20-59-17.842251.wav,uav
uav/zyma pi1 2021-02-19/recording 2021-02-19 20-59-30.495153.wav,recording 2021-02-19 20-59-30.495153.wav,uav
uav/zyma pi1 2021-02-19/recording 2021-02-19 20-59-42.194898.wav,recording 2021-02-19 20-59-42.194898.wav,uav
uav/zyma pi1 2021-02-19/recording 2021-02-19 20-59-53.790881.wav,recording 2021-02-19 20-59-53.790881.wav,uav
uav/zyma pi1 2021-02-19/recording 2021-02-19 21-00-05.460989.wav,recording 2021-02-19 21-00-05.460989.wav,uav
uav/zyma pi1 2021-02-19/recording 2021-02-19 21-00-17.162194.wav,recording 2021-02-19 21-00-17.162194.wav,uav
uav/zyma pi1 2021-02-19/recording 2021-02-19 21-00-28.911600.wav,recording 2021-02-19 21-00-28.911600.wav,uav
uav/zyma pi1 2021-02-19/recording 2021-02-19 21-00-40.635266.wav,recording 2021-02-19 21-00-40.635266.wav,uav
uav/zyma pi1 2021-02-19/recording 2021-02-19 21-00-52.247298.wav,recording 2021-02-19 21-00-52.247298.wav,uav
uav/zyma pi1 2021-02-19/recording 2021-02-19 21-01-03.971802.wav,recording 2021-02-19 21-01-03.971802.wav,uav
uav/zyma pi1 2021-02-19/recording 2021-02-19 21-01-15.583645.wav,recording 2021-02-19 21-01-15.583645.wav,uav
uav/zyma pi1 2021-02-19/recording 2021-02-19 21-01-27.292181.wav,recording 2021-02-19 21-01-27.292181.wav,uav
uav/zyma pi1 2021-02-19/recording 2021-02-19 21-01-39.023732.wav,recording 2021-02-19 21-01-39.023732.wav,uav
uav/zyma pi1 2021-02-19/recording 2021-02-19 21-01-50.716860.wav,recording 2021-02-19 21-01-50.716860.wav,uav
uav/zyma pi1 2021-02-19/recording 2021-02-19 21-02-02.478079.wav,recording 2021-02-19 21-02-02.478079.wav,uav
uav/zyma pi1 2021-02-19/recording 2021-02-19 21-02-14.235162.wav,recording 2021-02-19 21-02-14.235162.wav,uav
uav/zyma pi1 2021-02-19/recording 2021-02-19 21-02-25.892119.wav,recording 2021-02-19 21-02-25.892119.wav,uav
uav/zyma pi1 2021-02-19/recording 2021-02-19 21-02-37.487733.wav,recording 2021-02-19 21-02-37.487733.wav,uav
uav/zyma pi1 2021-02-19/recording 2021-02-19 21-02-49.208486.wav,recording 2021-02-19 21-02-49.208486.wav,uav
uav/zyma pi1 2021-02-19/recording 2021-02-19 21-03-00.870004.wav,recording 2021-02-19 21-03-00.870004.wav,uav
uav/zyma pi1 2021-02-19/recording 2021-02-19 21-03-12.606446.wav,recording 2021-02-19 21-03-12.606446.wav,uav
uav/zyma pi2 2021-02-19/recording 2021-02-19 20-52-06.493871.wav,recording 2021-02-19 20-52-06.493871.wav,uav
uav/zyma pi2 2021-02-19/recording 2021-02-19 20-52-18.168623.wav,recording 2021-02-19 20-52-18.168623.wav,uav
uav/zyma pi2 2021-02-19/recording 2021-02-19 20-52-54.298903.wav,recording 2021-02-19 20-52-54.298903.wav,uav
uav/zyma pi2 2021-02-19/recording 2021-02-19 20-53-06.155475.wav,recording 2021-02-19 20-53-06.155475.wav,uav
uav/zyma pi2 2021-02-19/recording 2021-02-19 20-53-18.032399.wav,recording 2021-02-19 20-53-18.032399.wav,uav
uav/zyma pi2 2021-02-19/recording 2021-02-19 20-53-29.782147.wav,recording 2021-02-19 20-53-29.782147.wav,uav
uav/zyma pi2 2021-02-19/recording 2021-02-19 20-53-42.467530.wav,recording 2021-02-19 20-53-42.467530.wav,uav
uav/zyma pi2 2021-02-19/recording 2021-02-19 20-54-18.179477.wav,recording 2021-02-19 20-54-18.179477.wav,uav
uav/zyma pi2 2021-02-19/recording 2021-02-19 20-54-29.961773.wav,recording 2021-02-19 20-54-29.961773.wav,uav
uav/zyma pi2 2021-02-19/recording 2021-02-19 20-54-41.652398.wav,recording 2021-02-19 20-54-41.652398.wav,uav
uav/zyma pi2 2021-02-19/recording 2021-02-19 20-54-53.727353.wav,recording 2021-02-19 20-54-53.727353.wav,uav
uav/zyma pi2 2021-02-19/recording 2021-02-19 20-55-05.606385.wav,recording 2021-02-19 20-55-05.606385.wav,uav
uav/zyma pi2 2021-02-19/recording 2021-02-19 20-55-17.397391.wav,recording 2021-02-19 20-55-17.397391.wav,uav
uav/zyma pi2 2021-02-19/recording 2021-02-19 20-55-29.701077.wav,recording 2021-02-19 20-55-29.701077.wav,uav
uav/zyma pi2 2021-02-19/recording 2021-02-19 20-55-41.471596.wav,recording 2021-02-19 20-55-41.471596.wav,uav
uav/zyma pi2 2021-02-19/recording 2021-02-19 20-55-53.212941.wav,recording 2021-02-19 20-55-53.212941.wav,uav
uav/zyma pi2 2021-02-19/recording 2021-02-19 20-56-18.008575.wav,recording 2021-02-19 20-56-18.008575.wav,uav
uav/zyma pi2 2021-02-19/recording 2021-02-19 20-56-29.881550.wav,recording 2021-02-19 20-56-29.881550.wav,uav
uav/zyma pi2 2021-02-19/recording 2021-02-19 20-56-41.639812.wav,recording 2021-02-19 20-56-41.639812.wav,uav
uav/zyma pi2 2021-02-19/recording 2021-02-19 20-58-21.366947.wav,recording 2021-02-19 20-58-21.366947.wav,uav
uav/zyma pi2 2021-02-19/recording 2021-02-19 20-58-33.006315.wav,recording 2021-02-19 20-58-33.006315.wav,uav
uav/zyma pi2 2021-02-19/recording 2021-02-19 20-58-44.657605.wav,recording 2021-02-19 20-58-44.657605.wav,uav
uav/zyma pi2 2021-02-19/recording 2021-02-19 20-58-56.586539.wav,recording 2021-02-19 20-58-56.586539.wav,uav
uav/zyma pi2 2021-02-19/recording 2021-02-19 20-59-08.320296.wav,recording 2021-02-19 20-59-08.320296.wav,uav
uav/zyma pi2 2021-02-19/recording 2021-02-19 20-59-20.307078.wav,recording 2021-02-19 20-59-20.307078.wav,uav
uav/zyma pi2 2021-02-19/recording 2021-02-19 20-59-33.187521.wav,recording 2021-02-19 20-59-33.187521.wav,uav
uav/zyma pi2 2021-02-19/recording 2021-02-19 20-59-44.969877.wav,recording 2021-02-19 20-59-44.969877.wav,uav
uav/zyma pi2 2021-02-19/recording 2021-02-19 20-59-56.660495.wav,recording 2021-02-19 20-59-56.660495.wav,uav
uav/zyma pi2 2021-02-19/recording 2021-02-19 21-00-09.241709.wav,recording 2021-02-19 21-00-09.241709.wav,uav
uav/zyma pi2 2021-02-19/recording 2021-02-19 21-00-20.914625.wav,recording 2021-02-19 21-00-20.914625.wav,uav
uav/zyma pi2 2021-02-19/recording 2021-02-19 21-00-32.595498.wav,recording 2021-02-19 21-00-32.595498.wav,uav
uav/zyma pi2 2021-02-19/recording 2021-02-19 21-00-44.348759.wav,recording 2021-02-19 21-00-44.348759.wav,uav
uav/zyma pi2 2021-02-19/recording 2021-02-19 21-00-56.077604.wav,recording 2021-02-19 21-00-56.077604.wav,uav
uav/zyma pi2 2021-02-19/recording 2021-02-19 21-01-07.709834.wav,recording 2021-02-19 21-01-07.709834.wav,uav
uav/zyma pi2 2021-02-19/recording 2021-02-19 21-01-19.400244.wav,recording 2021-02-19 21-01-19.400244.wav,uav
uav/zyma pi2 2021-02-19/recording 2021-02-19 21-01-31.311917.wav,recording 2021-02-19 21-01-31.311917.wav,uav
uav/zyma pi2 2021-02-19/recording 2021-02-19 21-01-43.100040.wav,recording 2021-02-19 21-01-43.100040.wav,uav
uav/zyma pi2 2021-02-19/recording 2021-02-19 21-01-54.224040.wav,recording 2021-02-19 21-01-54.224040.wav,uav
uav/zyma pi2 2021-02-19/recording 2021-02-19 21-02-05.931742.wav,recording 2021-02-19 21-02-05.931742.wav,uav
uav/zyma pi2 2021-02-19/recording 2021-02-19 21-02-17.073885.wav,recording 2021-02-19 21-02-17.073885.wav,uav
uav/zyma pi2 2021-02-19/recording 2021-02-19 21-02-28.961472.wav,recording 2021-02-19 21-02-28.961472.wav,uav
uav/zyma pi2 2021-02-19/recording 2021-02-19 21-02-41.001145.wav,recording 2021-02-19 21-02-41.001145.wav,uav
uav/zyma pi2 2021-02-19/recording 2021-02-19 21-02-53.133855.wav,recording 2021-02-19 21-02-53.133855.wav,uav
uav/zyma pi2 2021-02-19/recording 2021-02-19 21-03-04.800591.wav,recording 2021-02-19 21-03-04.800591.wav,uav
uav/zyma pi2 2021-02-19/recording 2021-02-19 21-03-16.507609.wav,recording 2021-02-19 21-03-16.507609.wav,uav